[{"model": "admin.logentry", "pk": 1, "fields": {"action_time": "2021-05-29T10:15:12.339Z", "user": 1, "content_type": 8, "object_id": "1", "object_repr": "sd.castagna@gmail.com", "action_flag": 1, "change_message": "[{\"added\": {}}]"}}, {"model": "admin.logentry", "pk": 2, "fields": {"action_time": "2021-05-29T21:09:37.491Z", "user": 1, "content_type": 13, "object_id": "1", "object_repr": "Location object (1)", "action_flag": 1, "change_message": "[{\"added\": {}}]"}}, {"model": "admin.logentry", "pk": 3, "fields": {"action_time": "2021-05-29T21:10:07.145Z", "user": 1, "content_type": 13, "object_id": "2", "object_repr": "Location object (2)", "action_flag": 1, "change_message": "[{\"added\": {}}]"}}, {"model": "admin.logentry", "pk": 4, "fields": {"action_time": "2021-05-29T21:18:40.659Z", "user": 1, "content_type": 14, "object_id": "1", "object_repr": "Passerelle/Console Tactique", "action_flag": 1, "change_message": "[{\"added\": {}}]"}}, {"model": "admin.logentry", "pk": 5, "fields": {"action_time": "2021-05-29T21:19:11.080Z", "user": 1, "content_type": 14, "object_id": "2", "object_repr": "Passerelle/Fauteuil de Commandement", "action_flag": 1, "change_message": "[{\"added\": {}}]"}}, {"model": "admin.logentry", "pk": 6, "fields": {"action_time": "2021-05-29T21:19:28.912Z", "user": 1, "content_type": 14, "object_id": "3", "object_repr": "Passerelle/Communications", "action_flag": 1, "change_message": "[{\"added\": {}}]"}}, {"model": "admin.logentry", "pk": 7, "fields": {"action_time": "2021-05-29T21:19:48.619Z", "user": 1, "content_type": 14, "object_id": "4", "object_repr": "Placard Quantique/Trou a balais", "action_flag": 1, "change_message": "[{\"added\": {}}]"}}, {"model": "admin.logentry", "pk": 8, "fields": {"action_time": "2021-05-29T21:20:04.301Z", "user": 1, "content_type": 14, "object_id": "5", "object_repr": "Placard Quantique/Trou a pizzas", "action_flag": 1, "change_message": "[{\"added\": {}}]"}}, {"model": "admin.logentry", "pk": 9, "fields": {"action_time": "2021-05-29T21:20:16.423Z", "user": 1, "content_type": 15, "object_id": "1", "object_repr": "LocationConnection object (1)", "action_flag": 1, "change_message": "[{\"added\": {}}]"}}, {"model": "admin.logentry", "pk": 10, "fields": {"action_time": "2021-05-29T21:20:45.992Z", "user": 1, "content_type": 16, "object_id": "1", "object_repr": "Joneleth Sander", "action_flag": 1, "change_message": "[{\"added\": {}}]"}}, {"model": "admin.logentry", "pk": 11, "fields": {"action_time": "2021-06-02T20:54:14.753Z", "user": 1, "content_type": 18, "object_id": "1", "object_repr": "Dialogue", "action_flag": 1, "change_message": "[{\"added\": {}}]"}}, {"model": "admin.logentry", "pk": 12, "fields": {"action_time": "2021-06-02T20:55:20.084Z", "user": 1, "content_type": 18, "object_id": "2", "object_repr": "Combat", "action_flag": 1, "change_message": "[{\"added\": {}}]"}}, {"model": "admin.logentry", "pk": 13, "fields": {"action_time": "2021-06-02T20:55:38.997Z", "user": 1, "content_type": 18, "object_id": "3", "object_repr": "Combat spatial", "action_flag": 1, "change_message": "[{\"added\": {}}]"}}, {"model": "admin.logentry", "pk": 14, "fields": {"action_time": "2021-06-02T20:55:49.686Z", "user": 1, "content_type": 18, "object_id": "4", "object_repr": "Persuasion", "action_flag": 1, "change_message": "[{\"added\": {}}]"}}, {"model": "admin.logentry", "pk": 15, "fields": {"action_time": "2021-06-02T20:56:55.587Z", "user": 1, "content_type": 19, "object_id": "1", "object_repr": "(02/06/2021, 20:56:55) Joneleth Sander: Dialogue", "action_flag": 1, "change_message": "[{\"added\": {}}]"}}, {"model": "admin.logentry", "pk": 16, "fields": {"action_time": "2021-06-02T20:57:24.824Z", "user": 1, "content_type": 17, "object_id": "1", "object_repr": "Joneleth Sander / (02/06/2021, 20:56:55) Joneleth Sander: Dialogue", "action_flag": 1, "change_message": "[{\"added\": {}}]"}}, {"model": "admin.logentry", "pk": 17, "fields": {"action_time": "2021-06-02T20:59:22.827Z", "user": 1, "content_type": 19, "object_id": "2", "object_repr": "(02/06/2021, 20:59:22): Combat spatial", "action_flag": 1, "change_message": "[{\"added\": {}}]"}}, {"model": "admin.logentry", "pk": 18, "fields": {"action_time": "2021-06-02T20:59:44.475Z", "user": 1, "content_type": 17, "object_id": "2", "object_repr": "Joneleth Sander / (02/06/2021, 20:59:22): Combat spatial", "action_flag": 1, "change_message": "[{\"added\": {}}]"}}, {"model": "admin.logentry", "pk": 19, "fields": {"action_time": "2021-06-03T17:47:05.011Z", "user": 1, "content_type": 20, "object_id": "1", "object_repr": "sd.castagna@gmail.com", "action_flag": 1, "change_message": "[{\"added\": {}}]"}}, {"model": "admin.logentry", "pk": 20, "fields": {"action_time": "2021-06-03T18:07:24.861Z", "user": 1, "content_type": 16, "object_id": "1", "object_repr": "Joneleth Sander", "action_flag": 2, "change_message": "[{\"changed\": {\"fields\": [\"User\"]}}]"}}, {"model": "admin.logentry", "pk": 21, "fields": {"action_time": "2021-06-05T12:33:19.177Z", "user": 1, "content_type": 13, "object_id": "3", "object_repr": "Inscription", "action_flag": 1, "change_message": "[{\"added\": {}}]"}}, {"model": "admin.logentry", "pk": 22, "fields": {"action_time": "2021-06-05T12:33:42.611Z", "user": 1, "content_type": 14, "object_id": "6", "object_repr": "Inscription / Inscription", "action_flag": 1, "change_message": "[{\"added\": {}}]"}}, {"model": "admin.logentry", "pk": 23, "fields": {"action_time": "2021-06-05T12:35:39.325Z", "user": 1, "content_type": 14, "object_id": "6", "object_repr": "Inscription / Inscription", "action_flag": 2, "change_message": "[]"}}, {"model": "admin.logentry", "pk": 24, "fields": {"action_time": "2021-06-05T12:35:51.017Z", "user": 1, "content_type": 16, "object_id": "3", "object_repr": "Kalls Noroy", "action_flag": 2, "change_message": "[{\"changed\": {\"fields\": [\"Situation\"]}}]"}}, {"model": "admin.logentry", "pk": 25, "fields": {"action_time": "2021-06-05T12:49:11.701Z", "user": 1, "content_type": 16, "object_id": "6", "object_repr": "test test", "action_flag": 3, "change_message": ""}}, {"model": "admin.logentry", "pk": 26, "fields": {"action_time": "2021-06-05T18:33:00.468Z", "user": 1, "content_type": 13, "object_id": "1", "object_repr": "Passerelle", "action_flag": 2, "change_message": "[{\"changed\": {\"fields\": [\"Description\"]}}]"}}, {"model": "admin.logentry", "pk": 27, "fields": {"action_time": "2021-06-05T18:33:41.442Z", "user": 1, "content_type": 13, "object_id": "4", "object_repr": "Coursives", "action_flag": 1, "change_message": "[{\"added\": {}}]"}}, {"model": "admin.logentry", "pk": 28, "fields": {"action_time": "2021-06-05T18:34:13.261Z", "user": 1, "content_type": 14, "object_id": "3", "object_repr": "Passerelle / Sur le pont", "action_flag": 2, "change_message": "[{\"changed\": {\"fields\": [\"Name\"]}}]"}}, {"model": "admin.logentry", "pk": 29, "fields": {"action_time": "2021-06-05T18:34:29.128Z", "user": 1, "content_type": 14, "object_id": "2", "object_repr": "Passerelle / A la console de navigation", "action_flag": 2, "change_message": "[{\"changed\": {\"fields\": [\"Name\"]}}]"}}, {"model": "admin.logentry", "pk": 30, "fields": {"action_time": "2021-06-05T18:34:45.597Z", "user": 1, "content_type": 14, "object_id": "1", "object_repr": "Passerelle / Devant les senseurs Tactiques", "action_flag": 2, "change_message": "[{\"changed\": {\"fields\": [\"Name\"]}}]"}}, {"model": "admin.logentry", "pk": 31, "fields": {"action_time": "2021-06-05T18:35:01.318Z", "user": 1, "content_type": 14, "object_id": "1", "object_repr": "Passerelle / Devant les senseurs tactiques", "action_flag": 2, "change_message": "[{\"changed\": {\"fields\": [\"Name\"]}}]"}}, {"model": "admin.logentry", "pk": 32, "fields": {"action_time": "2021-06-05T18:35:25.489Z", "user": 1, "content_type": 14, "object_id": "7", "object_repr": "Passerelle / Près de l'holocomm", "action_flag": 1, "change_message": "[{\"added\": {}}]"}}, {"model": "admin.logentry", "pk": 33, "fields": {"action_time": "2021-06-05T18:36:21.469Z", "user": 1, "content_type": 14, "object_id": "8", "object_repr": "Coursives / Au milieu du passage", "action_flag": 1, "change_message": "[{\"added\": {}}]"}}, {"model": "admin.logentry", "pk": 34, "fields": {"action_time": "2021-06-05T18:36:34.353Z", "user": 1, "content_type": 14, "object_id": "9", "object_repr": "Coursives / Devant une porte", "action_flag": 1, "change_message": "[{\"added\": {}}]"}}, {"model": "admin.logentry", "pk": 35, "fields": {"action_time": "2021-06-05T18:36:48.935Z", "user": 1, "content_type": 14, "object_id": "10", "object_repr": "Coursives / Devant un ascenceur", "action_flag": 1, "change_message": "[{\"added\": {}}]"}}, {"model": "admin.logentry", "pk": 36, "fields": {"action_time": "2021-06-05T18:37:03.333Z", "user": 1, "content_type": 15, "object_id": "1", "object_repr": "LocationConnection object (1)", "action_flag": 2, "change_message": "[{\"changed\": {\"fields\": [\"Is active\"]}}]"}}, {"model": "admin.logentry", "pk": 37, "fields": {"action_time": "2021-06-05T18:37:15.945Z", "user": 1, "content_type": 15, "object_id": "2", "object_repr": "LocationConnection object (2)", "action_flag": 1, "change_message": "[{\"added\": {}}]"}}, {"model": "admin.logentry", "pk": 38, "fields": {"action_time": "2021-06-05T19:12:32.774Z", "user": 1, "content_type": 16, "object_id": "1", "object_repr": "Joneleth Sander", "action_flag": 2, "change_message": "[{\"changed\": {\"fields\": [\"Situation\"]}}]"}}, {"model": "admin.logentry", "pk": 39, "fields": {"action_time": "2021-06-05T19:12:40.059Z", "user": 1, "content_type": 16, "object_id": "4", "object_repr": "Katrin Rasko", "action_flag": 2, "change_message": "[{\"changed\": {\"fields\": [\"Situation\"]}}]"}}, {"model": "admin.logentry", "pk": 40, "fields": {"action_time": "2021-06-05T19:12:50.061Z", "user": 1, "content_type": 16, "object_id": "3", "object_repr": "Kalls Noroy", "action_flag": 2, "change_message": "[{\"changed\": {\"fields\": [\"Situation\"]}}]"}}, {"model": "admin.logentry", "pk": 41, "fields": {"action_time": "2021-06-05T19:12:59.566Z", "user": 1, "content_type": 16, "object_id": "5", "object_repr": "Myrrdin Emrys", "action_flag": 2, "change_message": "[{\"changed\": {\"fields\": [\"Situation\"]}}]"}}, {"model": "admin.logentry", "pk": 42, "fields": {"action_time": "2021-06-05T19:28:48.605Z", "user": 1, "content_type": 20, "object_id": "1", "object_repr": "simonadmin", "action_flag": 2, "change_message": "[{\"changed\": {\"fields\": [\"Active character\"]}}]"}}, {"model": "admin.logentry", "pk": 43, "fields": {"action_time": "2021-06-06T08:53:46.732Z", "user": 1, "content_type": 20, "object_id": "1", "object_repr": "simonadmin", "action_flag": 2, "change_message": "[{\"changed\": {\"fields\": [\"Active character\"]}}]"}}, {"model": "admin.logentry", "pk": 44, "fields": {"action_time": "2021-06-06T08:59:38.100Z", "user": 1, "content_type": 20, "object_id": "1", "object_repr": "simonadmin", "action_flag": 2, "change_message": "[{\"changed\": {\"fields\": [\"Active character\"]}}]"}}, {"model": "admin.logentry", "pk": 45, "fields": {"action_time": "2021-06-13T13:05:29.550Z", "user": 1, "content_type": 20, "object_id": "2", "object_repr": "testaccount", "action_flag": 3, "change_message": ""}}, {"model": "admin.logentry", "pk": 46, "fields": {"action_time": "2021-06-13T13:05:41.126Z", "user": 1, "content_type": 4, "object_id": "2", "object_repr": "testaccount", "action_flag": 3, "change_message": ""}}, {"model": "admin.logentry", "pk": 47, "fields": {"action_time": "2021-06-13T13:16:31.193Z", "user": 1, "content_type": 16, "object_id": "7", "object_repr": "tesete gfdgfd", "action_flag": 3, "change_message": ""}}, {"model": "admin.logentry", "pk": 48, "fields": {"action_time": "2021-06-13T13:16:31.199Z", "user": 1, "content_type": 16, "object_id": "8", "object_repr": "tesetefgfd gfdgfdfgdfgf", "action_flag": 3, "change_message": ""}}, {"model": "admin.logentry", "pk": 49, "fields": {"action_time": "2021-06-13T13:16:45.308Z", "user": 1, "content_type": 16, "object_id": "10", "object_repr": "Test Character", "action_flag": 3, "change_message": ""}}, {"model": "admin.logentry", "pk": 50, "fields": {"action_time": "2021-06-13T13:16:45.310Z", "user": 1, "content_type": 16, "object_id": "9", "object_repr": "Test Character", "action_flag": 3, "change_message": ""}}, {"model": "admin.logentry", "pk": 51, "fields": {"action_time": "2021-06-13T13:35:22.708Z", "user": 1, "content_type": 16, "object_id": "11", "object_repr": "Bibi l'asticot", "action_flag": 3, "change_message": ""}}, {"model": "admin.logentry", "pk": 52, "fields": {"action_time": "2021-06-13T13:37:29.207Z", "user": 1, "content_type": 16, "object_id": "12", "object_repr": "bibibi lalalalala", "action_flag": 3, "change_message": ""}}, {"model": "admin.logentry", "pk": 53, "fields": {"action_time": "2021-06-13T13:42:16.713Z", "user": 1, "content_type": 16, "object_id": "13", "object_repr": "21321 2132132", "action_flag": 3, "change_message": ""}}, {"model": "admin.logentry", "pk": 54, "fields": {"action_time": "2021-06-13T13:48:06.977Z", "user": 1, "content_type": 16, "object_id": "14", "object_repr": "bloub bliblsdfk", "action_flag": 3, "change_message": ""}}, {"model": "admin.logentry", "pk": 55, "fields": {"action_time": "2021-06-13T13:54:51.632Z", "user": 1, "content_type": 16, "object_id": "15", "object_repr": "hgjghjhg ghfghg", "action_flag": 3, "change_message": ""}}, {"model": "admin.logentry", "pk": 56, "fields": {"action_time": "2021-06-13T15:03:44.757Z", "user": 1, "content_type": 16, "object_id": "17", "object_repr": "sd dsfsd", "action_flag": 2, "change_message": "[{\"changed\": {\"fields\": [\"Is active\"]}}]"}}, {"model": "admin.logentry", "pk": 57, "fields": {"action_time": "2021-06-13T15:03:50.626Z", "user": 1, "content_type": 16, "object_id": "16", "object_repr": "fdgdfg fgdgdfgfdgf", "action_flag": 2, "change_message": "[{\"changed\": {\"fields\": [\"Is active\"]}}]"}}, {"model": "admin.logentry", "pk": 58, "fields": {"action_time": "2021-06-13T15:04:26.500Z", "user": 1, "content_type": 16, "object_id": "17", "object_repr": "sd dsfsd", "action_flag": 2, "change_message": "[{\"changed\": {\"fields\": [\"Situation\"]}}]"}}, {"model": "admin.logentry", "pk": 59, "fields": {"action_time": "2021-06-13T15:04:33.922Z", "user": 1, "content_type": 16, "object_id": "16", "object_repr": "fdgdfg fgdgdfgfdgf", "action_flag": 2, "change_message": "[{\"changed\": {\"fields\": [\"Situation\"]}}]"}}, {"model": "admin.logentry", "pk": 60, "fields": {"action_time": "2021-06-13T15:38:50.036Z", "user": 1, "content_type": 16, "object_id": "17", "object_repr": "Jean Valjean", "action_flag": 2, "change_message": "[{\"changed\": {\"fields\": [\"Pr\\u00e9nom\", \"Nom\"]}}]"}}, {"model": "admin.logentry", "pk": 61, "fields": {"action_time": "2021-06-13T15:38:58.256Z", "user": 1, "content_type": 16, "object_id": "16", "object_repr": "Luke Skywalker", "action_flag": 2, "change_message": "[{\"changed\": {\"fields\": [\"Pr\\u00e9nom\", \"Nom\"]}}]"}}, {"model": "admin.logentry", "pk": 62, "fields": {"action_time": "2021-06-13T17:58:51.631Z", "user": 1, "content_type": 15, "object_id": "1", "object_repr": "LocationConnection object (1)", "action_flag": 2, "change_message": "[]"}}, {"model": "admin.logentry", "pk": 63, "fields": {"action_time": "2021-06-13T17:58:56.059Z", "user": 1, "content_type": 15, "object_id": "2", "object_repr": "LocationConnection object (2)", "action_flag": 2, "change_message": "[]"}}, {"model": "admin.logentry", "pk": 64, "fields": {"action_time": "2021-06-13T17:59:19.644Z", "user": 1, "content_type": 15, "object_id": "1", "object_repr": "LocationConnection object (1)", "action_flag": 2, "change_message": "[{\"changed\": {\"fields\": [\"Is active\"]}}]"}}, {"model": "admin.logentry", "pk": 65, "fields": {"action_time": "2021-06-13T18:00:21.702Z", "user": 1, "content_type": 15, "object_id": "1", "object_repr": "LocationConnection object (1)", "action_flag": 2, "change_message": "[]"}}, {"model": "admin.logentry", "pk": 66, "fields": {"action_time": "2021-06-13T18:02:43.089Z", "user": 1, "content_type": 13, "object_id": "2", "object_repr": "Placard Quantique", "action_flag": 2, "change_message": "[]"}}, {"model": "admin.logentry", "pk": 67, "fields": {"action_time": "2021-06-13T18:40:15.410Z", "user": 1, "content_type": 16, "object_id": "18", "object_repr": "Empereur Palpatine", "action_flag": 2, "change_message": "[{\"changed\": {\"fields\": [\"Is active\"]}}]"}}, {"model": "admin.logentry", "pk": 68, "fields": {"action_time": "2021-06-13T18:40:24.048Z", "user": 1, "content_type": 16, "object_id": "18", "object_repr": "Empereur Palpatine", "action_flag": 2, "change_message": "[{\"changed\": {\"fields\": [\"Situation\"]}}]"}}, {"model": "admin.logentry", "pk": 69, "fields": {"action_time": "2021-06-13T18:43:21.050Z", "user": 1, "content_type": 16, "object_id": "5", "object_repr": "Myrrdin Emrys", "action_flag": 2, "change_message": "[{\"changed\": {\"fields\": [\"User\"]}}]"}}, {"model": "admin.logentry", "pk": 70, "fields": {"action_time": "2021-07-04T17:38:38.781Z", "user": 1, "content_type": 16, "object_id": "3", "object_repr": "Kalls Noroy", "action_flag": 2, "change_message": "[{\"changed\": {\"fields\": [\"User\"]}}]"}}, {"model": "admin.logentry", "pk": 71, "fields": {"action_time": "2021-07-06T16:10:45.085Z", "user": 1, "content_type": 19, "object_id": "1", "object_repr": "(02/06/2021, 20:56:55) Dialogue de Joneleth Sander", "action_flag": 2, "change_message": "[{\"changed\": {\"fields\": [\"Content\"]}}]"}}, {"model": "admin.logentry", "pk": 72, "fields": {"action_time": "2021-07-06T16:28:44.230Z", "user": 1, "content_type": 19, "object_id": "1", "object_repr": "(02/06/2021, 20:56:55) Dialogue de Joneleth Sander", "action_flag": 2, "change_message": "[{\"changed\": {\"fields\": [\"Recipients\"]}}]"}}, {"model": "admin.logentry", "pk": 73, "fields": {"action_time": "2021-07-06T16:28:50.520Z", "user": 1, "content_type": 19, "object_id": "1", "object_repr": "(02/06/2021, 20:56:55) Dialogue de Joneleth Sander", "action_flag": 2, "change_message": "[]"}}, {"model": "admin.logentry", "pk": 74, "fields": {"action_time": "2021-07-06T16:47:11.494Z", "user": 1, "content_type": 19, "object_id": "3", "object_repr": "(06/07/2021, 16:47:11) Dialogue de Kalls Noroy", "action_flag": 1, "change_message": "[{\"added\": {}}]"}}, {"model": "admin.logentry", "pk": 75, "fields": {"action_time": "2021-07-11T16:17:25.030Z", "user": 1, "content_type": 19, "object_id": "5", "object_repr": "(11/07/2021, 16:15:40) Dialogue de Kalls Noroy", "action_flag": 3, "change_message": ""}}, {"model": "auth.permission", "pk": 1, "fields": {"name": "Can add log entry", "content_type": 1, "codename": "add_logentry"}}, {"model": "auth.permission", "pk": 2, "fields": {"name": "Can change log entry", "content_type": 1, "codename": "change_logentry"}}, {"model": "auth.permission", "pk": 3, "fields": {"name": "Can delete log entry", "content_type": 1, "codename": "delete_logentry"}}, {"model": "auth.permission", "pk": 4, "fields": {"name": "Can view log entry", "content_type": 1, "codename": "view_logentry"}}, {"model": "auth.permission", "pk": 5, "fields": {"name": "Can add permission", "content_type": 2, "codename": "add_permission"}}, {"model": "auth.permission", "pk": 6, "fields": {"name": "Can change permission", "content_type": 2, "codename": "change_permission"}}, {"model": "auth.permission", "pk": 7, "fields": {"name": "Can delete permission", "content_type": 2, "codename": "delete_permission"}}, {"model": "auth.permission", "pk": 8, "fields": {"name": "Can view permission", "content_type": 2, "codename": "view_permission"}}, {"model": "auth.permission", "pk": 9, "fields": {"name": "Can add group", "content_type": 3, "codename": "add_group"}}, {"model": "auth.permission", "pk": 10, "fields": {"name": "Can change group", "content_type": 3, "codename": "change_group"}}, {"model": "auth.permission", "pk": 11, "fields": {"name": "Can delete group", "content_type": 3, "codename": "delete_group"}}, {"model": "auth.permission", "pk": 12, "fields": {"name": "Can view group", "content_type": 3, "codename": "view_group"}}, {"model": "auth.permission", "pk": 13, "fields": {"name": "Can add user", "content_type": 4, "codename": "add_user"}}, {"model": "auth.permission", "pk": 14, "fields": {"name": "Can change user", "content_type": 4, "codename": "change_user"}}, {"model": "auth.permission", "pk": 15, "fields": {"name": "Can delete user", "content_type": 4, "codename": "delete_user"}}, {"model": "auth.permission", "pk": 16, "fields": {"name": "Can view user", "content_type": 4, "codename": "view_user"}}, {"model": "auth.permission", "pk": 17, "fields": {"name": "Can add content type", "content_type": 5, "codename": "add_contenttype"}}, {"model": "auth.permission", "pk": 18, "fields": {"name": "Can change content type", "content_type": 5, "codename": "change_contenttype"}}, {"model": "auth.permission", "pk": 19, "fields": {"name": "Can delete content type", "content_type": 5, "codename": "delete_contenttype"}}, {"model": "auth.permission", "pk": 20, "fields": {"name": "Can view content type", "content_type": 5, "codename": "view_contenttype"}}, {"model": "auth.permission", "pk": 21, "fields": {"name": "Can add session", "content_type": 6, "codename": "add_session"}}, {"model": "auth.permission", "pk": 22, "fields": {"name": "Can change session", "content_type": 6, "codename": "change_session"}}, {"model": "auth.permission", "pk": 23, "fields": {"name": "Can delete session", "content_type": 6, "codename": "delete_session"}}, {"model": "auth.permission", "pk": 24, "fields": {"name": "Can view session", "content_type": 6, "codename": "view_session"}}, {"model": "auth.permission", "pk": 25, "fields": {"name": "Can add site", "content_type": 7, "codename": "add_site"}}, {"model": "auth.permission", "pk": 26, "fields": {"name": "Can change site", "content_type": 7, "codename": "change_site"}}, {"model": "auth.permission", "pk": 27, "fields": {"name": "Can delete site", "content_type": 7, "codename": "delete_site"}}, {"model": "auth.permission", "pk": 28, "fields": {"name": "Can view site", "content_type": 7, "codename": "view_site"}}, {"model": "auth.permission", "pk": 29, "fields": {"name": "Can add email address", "content_type": 8, "codename": "add_emailaddress"}}, {"model": "auth.permission", "pk": 30, "fields": {"name": "Can change email address", "content_type": 8, "codename": "change_emailaddress"}}, {"model": "auth.permission", "pk": 31, "fields": {"name": "Can delete email address", "content_type": 8, "codename": "delete_emailaddress"}}, {"model": "auth.permission", "pk": 32, "fields": {"name": "Can view email address", "content_type": 8, "codename": "view_emailaddress"}}, {"model": "auth.permission", "pk": 33, "fields": {"name": "Can add email confirmation", "content_type": 9, "codename": "add_emailconfirmation"}}, {"model": "auth.permission", "pk": 34, "fields": {"name": "Can change email confirmation", "content_type": 9, "codename": "change_emailconfirmation"}}, {"model": "auth.permission", "pk": 35, "fields": {"name": "Can delete email confirmation", "content_type": 9, "codename": "delete_emailconfirmation"}}, {"model": "auth.permission", "pk": 36, "fields": {"name": "Can view email confirmation", "content_type": 9, "codename": "view_emailconfirmation"}}, {"model": "auth.permission", "pk": 37, "fields": {"name": "Can add social account", "content_type": 10, "codename": "add_socialaccount"}}, {"model": "auth.permission", "pk": 38, "fields": {"name": "Can change social account", "content_type": 10, "codename": "change_socialaccount"}}, {"model": "auth.permission", "pk": 39, "fields": {"name": "Can delete social account", "content_type": 10, "codename": "delete_socialaccount"}}, {"model": "auth.permission", "pk": 40, "fields": {"name": "Can view social account", "content_type": 10, "codename": "view_socialaccount"}}, {"model": "auth.permission", "pk": 41, "fields": {"name": "Can add social application", "content_type": 11, "codename": "add_socialapp"}}, {"model": "auth.permission", "pk": 42, "fields": {"name": "Can change social application", "content_type": 11, "codename": "change_socialapp"}}, {"model": "auth.permission", "pk": 43, "fields": {"name": "Can delete social application", "content_type": 11, "codename": "delete_socialapp"}}, {"model": "auth.permission", "pk": 44, "fields": {"name": "Can view social application", "content_type": 11, "codename": "view_socialapp"}}, {"model": "auth.permission", "pk": 45, "fields": {"name": "Can add social application token", "content_type": 12, "codename": "add_socialtoken"}}, {"model": "auth.permission", "pk": 46, "fields": {"name": "Can change social application token", "content_type": 12, "codename": "change_socialtoken"}}, {"model": "auth.permission", "pk": 47, "fields": {"name": "Can delete social application token", "content_type": 12, "codename": "delete_socialtoken"}}, {"model": "auth.permission", "pk": 48, "fields": {"name": "Can view social application token", "content_type": 12, "codename": "view_socialtoken"}}, {"model": "auth.permission", "pk": 49, "fields": {"name": "Can add location", "content_type": 13, "codename": "add_location"}}, {"model": "auth.permission", "pk": 50, "fields": {"name": "Can change location", "content_type": 13, "codename": "change_location"}}, {"model": "auth.permission", "pk": 51, "fields": {"name": "Can delete location", "content_type": 13, "codename": "delete_location"}}, {"model": "auth.permission", "pk": 52, "fields": {"name": "Can view location", "content_type": 13, "codename": "view_location"}}, {"model": "auth.permission", "pk": 53, "fields": {"name": "Can add situation", "content_type": 14, "codename": "add_situation"}}, {"model": "auth.permission", "pk": 54, "fields": {"name": "Can change situation", "content_type": 14, "codename": "change_situation"}}, {"model": "auth.permission", "pk": 55, "fields": {"name": "Can delete situation", "content_type": 14, "codename": "delete_situation"}}, {"model": "auth.permission", "pk": 56, "fields": {"name": "Can view situation", "content_type": 14, "codename": "view_situation"}}, {"model": "auth.permission", "pk": 57, "fields": {"name": "Can add location connection", "content_type": 15, "codename": "add_locationconnection"}}, {"model": "auth.permission", "pk": 58, "fields": {"name": "Can change location connection", "content_type": 15, "codename": "change_locationconnection"}}, {"model": "auth.permission", "pk": 59, "fields": {"name": "Can delete location connection", "content_type": 15, "codename": "delete_locationconnection"}}, {"model": "auth.permission", "pk": 60, "fields": {"name": "Can view location connection", "content_type": 15, "codename": "view_locationconnection"}}, {"model": "auth.permission", "pk": 61, "fields": {"name": "Can add character", "content_type": 16, "codename": "add_character"}}, {"model": "auth.permission", "pk": 62, "fields": {"name": "Can change character", "content_type": 16, "codename": "change_character"}}, {"model": "auth.permission", "pk": 63, "fields": {"name": "Can delete character", "content_type": 16, "codename": "delete_character"}}, {"model": "auth.permission", "pk": 64, "fields": {"name": "Can view character", "content_type": 16, "codename": "view_character"}}, {"model": "auth.permission", "pk": 65, "fields": {"name": "Can add character event", "content_type": 17, "codename": "add_characterevent"}}, {"model": "auth.permission", "pk": 66, "fields": {"name": "Can change character event", "content_type": 17, "codename": "change_characterevent"}}, {"model": "auth.permission", "pk": 67, "fields": {"name": "Can delete character event", "content_type": 17, "codename": "delete_characterevent"}}, {"model": "auth.permission", "pk": 68, "fields": {"name": "Can view character event", "content_type": 17, "codename": "view_characterevent"}}, {"model": "auth.permission", "pk": 69, "fields": {"name": "Can add event type", "content_type": 18, "codename": "add_eventtype"}}, {"model": "auth.permission", "pk": 70, "fields": {"name": "Can change event type", "content_type": 18, "codename": "change_eventtype"}}, {"model": "auth.permission", "pk": 71, "fields": {"name": "Can delete event type", "content_type": 18, "codename": "delete_eventtype"}}, {"model": "auth.permission", "pk": 72, "fields": {"name": "Can view event type", "content_type": 18, "codename": "view_eventtype"}}, {"model": "auth.permission", "pk": 73, "fields": {"name": "Can add event", "content_type": 19, "codename": "add_event"}}, {"model": "auth.permission", "pk": 74, "fields": {"name": "Can change event", "content_type": 19, "codename": "change_event"}}, {"model": "auth.permission", "pk": 75, "fields": {"name": "Can delete event", "content_type": 19, "codename": "delete_event"}}, {"model": "auth.permission", "pk": 76, "fields": {"name": "Can view event", "content_type": 19, "codename": "view_event"}}, {"model": "auth.permission", "pk": 77, "fields": {"name": "Can add user profile", "content_type": 20, "codename": "add_userprofile"}}, {"model": "auth.permission", "pk": 78, "fields": {"name": "Can change user profile", "content_type": 20, "codename": "change_userprofile"}}, {"model": "auth.permission", "pk": 79, "fields": {"name": "Can delete user profile", "content_type": 20, "codename": "delete_userprofile"}}, {"model": "auth.permission", "pk": 80, "fields": {"name": "Can view user profile", "content_type": 20, "codename": "view_userprofile"}}, {"model": "auth.user", "pk": 1, "fields": {"password": "pbkdf2_sha256$260000$jTMleavdYzm0UK7IbhieZv$2R9SkqOswzF8h+Rkczow94yoj5O+oAdj5lA19Lfpnl8=", "last_login": "2021-07-05T20:09:50.345Z", "is_superuser": true, "username": "simonadmin", "first_name": "", "last_name": "", "email": "sd.castagna@gmail.com", "is_staff": true, "is_active": true, "date_joined": "2021-05-28T15:23:26.129Z", "groups": [], "user_permissions": []}}, {"model": "auth.user", "pk": 3, "fields": {"password": "pbkdf2_sha256$260000$K8yIFuMvcbPLyDNqFSaHVZ$4BpRFUTpntbhUi4uHm2COAMv6rJFCRO1WbR3nOaBkCA=", "last_login": "2021-06-13T13:55:18.542Z", "is_superuser": false, "username": "testingtesting", "first_name": "", "last_name": "", "email": "cayocon916@gocasin.com", "is_staff": false, "is_active": true, "date_joined": "2021-06-13T13:05:48.608Z", "groups": [], "user_permissions": []}}, {"model": "auth.user", "pk": 4, "fields": {"password": "pbkdf2_sha256$260000$eC0STsMJTAUK4tIwm3zHey$zh7nbxrSoHwhymd+BUGOKv5yXit2Aa8yo4A41OUn66M=", "last_login": "2021-07-05T20:09:02.572Z", "is_superuser": false, "username": "simontest", "first_name": "", "last_name": "", "email": "fauxemail@tagada.com", "is_staff": false, "is_active": true, "date_joined": "2021-06-13T18:38:37.379Z", "groups": [], "user_permissions": []}}, {"model": "contenttypes.contenttype", "pk": 1, "fields": {"app_label": "admin", "model": "logentry"}}, {"model": "contenttypes.contenttype", "pk": 2, "fields": {"app_label": "auth", "model": "permission"}}, {"model": "contenttypes.contenttype", "pk": 3, "fields": {"app_label": "auth", "model": "group"}}, {"model": "contenttypes.contenttype", "pk": 4, "fields": {"app_label": "auth", "model": "user"}}, {"model": "contenttypes.contenttype", "pk": 5, "fields": {"app_label": "contenttypes", "model": "contenttype"}}, {"model": "contenttypes.contenttype", "pk": 6, "fields": {"app_label": "sessions", "model": "session"}}, {"model": "contenttypes.contenttype", "pk": 7, "fields": {"app_label": "sites", "model": "site"}}, {"model": "contenttypes.contenttype", "pk": 8, "fields": {"app_label": "account", "model": "emailaddress"}}, {"model": "contenttypes.contenttype", "pk": 9, "fields": {"app_label": "account", "model": "emailconfirmation"}}, {"model": "contenttypes.contenttype", "pk": 10, "fields": {"app_label": "socialaccount", "model": "socialaccount"}}, {"model": "contenttypes.contenttype", "pk": 11, "fields": {"app_label": "socialaccount", "model": "socialapp"}}, {"model": "contenttypes.contenttype", "pk": 12, "fields": {"app_label": "socialaccount", "model": "socialtoken"}}, {"model": "contenttypes.contenttype", "pk": 13, "fields": {"app_label": "locations", "model": "location"}}, {"model": "contenttypes.contenttype", "pk": 14, "fields": {"app_label": "locations", "model": "situation"}}, {"model": "contenttypes.contenttype", "pk": 15, "fields": {"app_label": "locations", "model": "locationconnection"}}, {"model": "contenttypes.contenttype", "pk": 16, "fields": {"app_label": "characters", "model": "character"}}, {"model": "contenttypes.contenttype", "pk": 17, "fields": {"app_label": "events", "model": "characterevent"}}, {"model": "contenttypes.contenttype", "pk": 18, "fields": {"app_label": "events", "model": "eventtype"}}, {"model": "contenttypes.contenttype", "pk": 19, "fields": {"app_label": "events", "model": "event"}}, {"model": "contenttypes.contenttype", "pk": 20, "fields": {"app_label": "profiles", "model": "userprofile"}}, {"model": "sessions.session", "pk": "4n2pg225hu9n35kr4okhxtcrserqgg1t", "fields": {"session_data": ".eJxVjMsOwiAQRf-FtSHQ8igu3fsNhBkGixowpU00xn83JF3o9p5zz5v5sK2z3xotPkd2ZJIdfjcIeKPSQbyGcqkca1mXDLwrfKeNn2uk-2l3_wJzaHN_owBhUwSDAIDkxjE5Y2gYVLQCUQdBKLXUyUmnJj3BRHIkm8ygwErVo41ay7V4ej7y8mJH8fkCu7g_cA:1m07Nz:9oOj-XiGh_0H0zFOoM7mC7YPFx9lbrIPAA4vE3NzA5Q", "expire_date": "2021-07-18T19:02:35.502Z"}}, {"model": "sessions.session", "pk": "8e43npxxtfhke2zxty9mqtxjg350g1gr", "fields": {"session_data": ".eJxljdsKgzAMQP-lzyJaL62-bT9SYppgWVeH1bEx9u-zIoOxx5yTnLwEIE5rWMydZseOrKErOC_6sHqffe0aaRa9qEQmDKzLuAPj7D8bAC8UkgDvE86PRr7vHDrmp22isDiExU3hfFz9pEaIY-pQKxUXraayQEbEulOdZdSsoGwqy1xKWcmm1QMwVYPtakVKgwRkXTKnaKQYtzeGHjc3P0VfvD-ZkVZK:1lsPoU:g8mmGYqPmr4nVYXzZmeoOMSdR68nHHqojUnJ4rjfjP4", "expire_date": "2021-06-27T13:06:06.218Z"}}, {"model": "sessions.session", "pk": "8vc9wsu6y8a3gr0glec890ev4qtxyrux", "fields": {"session_data": ".eJxVjMsOwiAQRf-FtSHQ8igu3fsNhBkGixowpU00xn83JF3o9p5zz5v5sK2z3xotPkd2ZJIdfjcIeKPSQbyGcqkca1mXDLwrfKeNn2uk-2l3_wJzaHN_owBhUwSDAIDkxjE5Y2gYVLQCUQdBKLXUyUmnJj3BRHIkm8ygwErVo41ay7V4ej7y8mJH8fkCu7g_cA:1ln4Cm:3rKoy8ipbFtVFZoSgGFfbL-d6QSnu783hn3eFDD6EpE", "expire_date": "2021-06-12T19:01:04.285Z"}}, {"model": "sessions.session", "pk": "ahekwa0oku012m8djym5fa4u3t0qcuvt", "fields": {"session_data": ".eJxVjMsOwiAQRf-FtSHQ8igu3fsNhBkGixowpU00xn83JF3o9p5zz5v5sK2z3xotPkd2ZJIdfjcIeKPSQbyGcqkca1mXDLwrfKeNn2uk-2l3_wJzaHN_owBhUwSDAIDkxjE5Y2gYVLQCUQdBKLXUyUmnJj3BRHIkm8ygwErVo41ay7V4ej7y8mJH8fkCu7g_cA:1m0Uuc:QA18xWR3oxtGHvlysc236aViEc-SzWEMqytCn-cOMfs", "expire_date": "2021-07-19T20:09:50.348Z"}}, {"model": "sessions.session", "pk": "ljcso0ejyttkcnic6xvh6tmhnjxnfcib", "fields": {"session_data": ".eJxVjMsOwiAQRf-FtSHQ8igu3fsNhBkGixowpU00xn83JF3o9p5zz5v5sK2z3xotPkd2ZJIdfjcIeKPSQbyGcqkca1mXDLwrfKeNn2uk-2l3_wJzaHN_owBhUwSDAIDkxjE5Y2gYVLQCUQdBKLXUyUmnJj3BRHIkm8ygwErVo41ay7V4ej7y8mJH8fkCu7g_cA:1lsPn7:Ul-CLGQM75x6H1DCOflDTvo3C9gkRh9qBquH9fErHIs", "expire_date": "2021-06-27T13:04:41.644Z"}}, {"model": "sessions.session", "pk": "pw3h70yn6d9u9utptp99he0r0w9ozugn", "fields": {"session_data": ".eJxljUEOgyAQAP_C2RhQRPDWfoQssERSio1g06bp36vGNGl63Jnd2RcBa6clFX3HOfiATuMVQiRDWmKsvnbJOJOBcFIRDUsZd6CD-2cG7AXTJiDGDddHo953Dp3r0zphKsFCCVM6H1c_qRHyuHao6lpHPeONB-GoNNwqppg1QnZ9I7pGus4Iyg2X3giBkjvoW0a98KJB5bdoxpzXNxoftzA_yUDfHzmQVJg:1lsV1C:vHg07BoOeyDM7rDrRke_cNOBfTJRR9qSlL61WYTS15w", "expire_date": "2021-06-27T18:39:34.663Z"}}, {"model": "sites.site", "pk": 1, "fields": {"domain": "example.com", "name": "example.com"}}, {"model": "account.emailaddress", "pk": 1, "fields": {"user": 1, "email": "sd.castagna@gmail.com", "verified": true, "primary": true}}, {"model": "account.emailaddress", "pk": 3, "fields": {"user": 3, "email": "cayocon916@gocasin.com", "verified": true, "primary": true}}, {"model": "account.emailaddress", "pk": 4, "fields": {"user": 4, "email": "fauxemail@tagada.com", "verified": true, "primary": true}}, {"model": "locations.situation", "pk": 1, "fields": {"is_active": true, "name": "Devant les senseurs tactiques", "image_url": null, "image": "", "description": "Console tactique avec des traces de gras sur les boutons.", "location": 1, "display_rank": 0}}, {"model": "locations.situation", "pk": 2, "fields": {"is_active": true, "name": "A la console de navigation", "image_url": null, "image": "", "description": "Le siège du pouvoir!", "location": 1, "display_rank": 0}}, {"model": "locations.situation", "pk": 3, "fields": {"is_active": true, "name": "Sur le pont", "image_url": null, "image": "", "description": "Bip boup!", "location": 1, "display_rank": 0}}, {"model": "locations.situation", "pk": 4, "fields": {"is_active": true, "name": "Trou a balais", "image_url": null, "image": "", "description": "Plein de trous, plein de balais!", "location": 2, "display_rank": 0}}, {"model": "locations.situation", "pk": 5, "fields": {"is_active": true, "name": "Trou a pizzas", "image_url": null, "image": "", "description": "Plein de pizzas!", "location": 2, "display_rank": 0}}, {"model": "locations.situation", "pk": 6, "fields": {"is_active": true, "name": "Inscription", "image_url": null, "image": "", "description": "Personnage en attente de validation", "location": 3, "display_rank": 0}}, {"model": "locations.situation", "pk": 7, "fields": {"is_active": true, "name": "Près de l'holocomm", "image_url": null, "image": "", "description": "blip b loup", "location": 1, "display_rank": 0}}, {"model": "locations.situation", "pk": 8, "fields": {"is_active": true, "name": "Au milieu du passage", "image_url": null, "image": "", "description": "Au milieu du passage", "location": 4, "display_rank": 0}}, {"model": "locations.situation", "pk": 9, "fields": {"is_active": true, "name": "Devant une porte", "image_url": null, "image": "", "description": "porte", "location": 4, "display_rank": 0}}, {"model": "locations.situation", "pk": 10, "fields": {"is_active": true, "name": "Devant un ascenceur", "image_url": null, "image": "", "description": "ghfg", "location": 4, "display_rank": 0}}, {"model": "locations.location", "pk": 1, "fields": {"is_active": true, "name": "Passerelle", "image_url": null, "image": "", "description": "La Passerelle de l'ISD de classe Venator Phénix est la passerelle classique des vaisseaux conçus par les chantiers navals de Kuat. Sobre, brillant, et à la baie panoramique impressionnante, il reflète l'austérité historique des vaisseaux impériaux. Malgré sa première mise en service datant de la guerre des clones, l'ISD Phénix garde toute sa splendeur d'antan jusqu'aux moindres recoins du centre névralgique du vaisseau amiral.\r\n\r\nDans la fosse, les différents postes sont fonctionnels, et n'attendent parfois que leur Officier en charge afin de biper et clignoter en tous sens.", "display_rank": 0}}, {"model": "locations.location", "pk": 2, "fields": {"is_active": true, "name": "Placard Quantique", "image_url": null, "image": "", "description": "Le fameux placard secret de Kalls", "display_rank": 0}}, {"model": "locations.location", "pk": 3, "fields": {"is_active": true, "name": "Inscription", "image_url": null, "image": "", "description": "Personnage en attente de validation", "display_rank": 0}}, {"model": "locations.location", "pk": 4, "fields": {"is_active": true, "name": "Coursives", "image_url": null, "image": "", "description": "Aaaaaah.... les longs corridors interminables des destroyers stellaires... Sombres, froids, aux néons aveuglants, mais tellement accueillants. Chaque porte donne sur une pièce à découvrir : ici la passerelle, ici un quartier d'officier, ici le messe, là-bas les geôles, un peu plus loin des toilettes, et juste à côté un placard à balai...\r\n\r\nA la fois indispensable, et pourtant complètement accessoire, les coursives de l'ISD Phénix sont à l'image du reste du navire : impériales.", "display_rank": 0}}, {"model": "locations.locationconnection", "pk": 1, "fields": {"is_active": true, "origin": 1, "destination": 2, "is_reversible": true}}, {"model": "locations.locationconnection", "pk": 2, "fields": {"is_active": true, "origin": 1, "destination": 4, "is_reversible": true}}, {"model": "characters.character", "pk": 1, "fields": {"is_active": true, "first_name": "Joneleth", "last_name": "Sander", "image_url": null, "image": "", "description": "Le gros boulet du vaisseau ghgf hghg", "situation": 1, "user": 1, "is_absent": false, "is_alive": true}}, {"model": "characters.character", "pk": 3, "fields": {"is_active": true, "first_name": "Kalls", "last_name": "Noroy", "image_url": null, "image": "", "description": "Bonjour je m'appèle Kalls et j'aime la pizza.", "situation": 7, "user": 1, "is_absent": false, "is_alive": true}}, {"model": "characters.character", "pk": 4, "fields": {"is_active": true, "first_name": "Katrin", "last_name": "Rasko", "image_url": null, "image": "", "description": "ca sent vraiment les pieds ici", "situation": 3, "user": null, "is_absent": false, "is_alive": true}}, {"model": "characters.character", "pk": 5, "fields": {"is_active": true, "first_name": "Myrrdin", "last_name": "Emrys", "image_url": null, "image": "", "description": "bim bam boum", "situation": 3, "user": 4, "is_absent": false, "is_alive": true}}, {"model": "characters.character", "pk": 16, "fields": {"is_active": true, "first_name": "Luke", "last_name": "Skywalker", "image_url": null, "image": "", "description": "dfghghfghjhgfj", "situation": 1, "user": 3, "is_absent": false, "is_alive": true}}, {"model": "characters.character", "pk": 17, "fields": {"is_active": true, "first_name": "Jean", "last_name": "Valjean", "image_url": null, "image": "", "description": "fdssdffds", "situation": 1, "user": 3, "is_absent": false, "is_alive": true}}, {"model": "characters.character", "pk": 18, "fields": {"is_active": true, "first_name": "Empereur", "last_name": "Palpatine", "image_url": null, "image": "", "description": "Un gros mechant!", "situation": 3, "user": 4, "is_absent": false, "is_alive": true}}, {"model": "characters.character", "pk": 19, "fields": {"is_active": false, "first_name": "Grand Amiral", "last_name": "Thrawn", "image_url": null, "image": "", "description": "C'est son prenom!", "situation": null, "user": 4, "is_absent": false, "is_alive": true}}, {"model": "events.eventtype", "pk": 1, "fields": {"is_active": true, "name": "Dialogue", "image_url": null, "image": "", "description": "Message ou RP d'un personnage."}}, {"model": "events.eventtype", "pk": 2, "fields": {"is_active": true, "name": "Combat", "image_url": null, "image": "", "description": "Quand quelqu'un met une beigne à un autre quelqu'un"}}, {"model": "events.eventtype", "pk": 3, "fields": {"is_active": true, "name": "Combat spatial", "image_url": null, "image": "", "description": "Quand un vaisseau met une beigne à un autre vaisseau"}}, {"model": "events.eventtype", "pk": 4, "fields": {"is_active": true, "name": "Persuasion", "image_url": null, "image": "", "description": "blablabla"}}, {"model": "events.event", "pk": 1, "fields": {"is_active": true, "author": 1, "event_type": 1, "situation_origin": 4, "created": "2021-06-02T20:56:55.582Z", "updated": "2021-07-06T16:28:50.517Z", "content": "Les chats c’est cool\r\nIls sont trop beaux (Oui ça c'est vrai, ça)\r\nIls dorment toute la journée,\r\ndans un panier sur le dos (Flemmard, va !)\r\n \r\nLes chats c’est cool\r\ntu peut leur faire des câlins (Ouiii)\r\nmeme si des fois ils veulent simplement te chier dans la main (ah c’est caca)", "recipients": [1, 3, 5]}}, {"model": "events.event", "pk": 2, "fields": {"is_active": true, "author": null, "event_type": 3, "situation_origin": 1, "created": "2021-06-02T20:59:22.825Z", "updated": "2021-06-02T20:59:22.825Z", "content": "Zip zap zoom", "recipients": []}}, {"model": "events.event", "pk": 3, "fields": {"is_active": true, "author": 3, "event_type": 1, "situation_origin": 4, "created": "2021-07-06T16:47:11.486Z", "updated": "2021-07-06T16:47:11.486Z", "content": "Un autre message d'un autre hurluberlu", "recipients": [1, 3, 5]}}, {"model": "events.event", "pk": 6, "fields": {"is_active": true, "author": 3, "event_type": 1, "situation_origin": 1, "created": "2021-07-11T16:17:51.415Z", "updated": "2021-07-11T16:17:51.424Z", "content": "Coucou!!!!", "recipients": [16, 17, 3]}}, {"model": "events.event", "pk": 7, "fields": {"is_active": true, "author": 3, "event_type": 1, "situation_origin": 1, "created": "2021-07-11T16:18:03.633Z", "updated": "2021-07-11T16:18:03.639Z", "content": "Coucou!!!! Message au lieu entier!", "recipients": [1, 3, 4, 5, 16, 17, 18]}}, {"model": "events.event", "pk": 8, "fields": {"is_active": true, "author": 3, "event_type": 1, "situation_origin": 1, "created": "2021-07-11T16:23:21.017Z", "updated": "2021-07-11T16:23:21.024Z", "content": "hello!", "recipients": [1, 3, 4, 5, 16, 17, 18]}}, {"model": "events.event", "pk": 9, "fields": {"is_active": true, "author": 3, "event_type": 1, "situation_origin": 8, "created": "2021-07-11T16:23:37.748Z", "updated": "2021-07-11T16:23:37.754Z", "content": "lakjsldksajdskla", "recipients": [3]}}, {"model": "events.event", "pk": 10, "fields": {"is_active": true, "author": 3, "event_type": 1, "situation_origin": 7, "created": "2021-07-11T16:24:57.180Z", "updated": "2021-07-11T16:24:57.187Z", "content": "Psssst un secret pour Joneleth!", "recipients": [1, 3]}}, {"model": "events.event", "pk": 11, "fields": {"is_active": true, "author": 3, "event_type": 1, "situation_origin": 3, "created": "2021-07-11T16:34:23.929Z", "updated": "2021-07-11T16:34:23.938Z", "content": "Hello bros!", "recipients": [18, 3, 4, 5]}}, {"model": "events.event", "pk": 12, "fields": {"is_active": true, "author": 1, "event_type": 1, "situation_origin": 1, "created": "2021-07-11T16:35:15.458Z", "updated": "2021-07-11T16:35:15.465Z", "content": "secret pas pour kalls", "recipients": [16, 1, 17]}}, {"model": "events.characterevent", "pk": 1, "fields": {"character": 1, "event": 1}}, {"model": "events.characterevent", "pk": 2, "fields": {"character": 1, "event": 2}}, {"model": "profiles.userprofile", "pk": 1, "fields": {"user": 1, "active_character": 3, "is_active": true, "is_anim": true}}, {"model": "profiles.userprofile", "pk": 3, "fields": {"user": 3, "active_character": 16, "is_active": true, "is_anim": false}}, {"model": "profiles.userprofile", "pk": 4, "fields": {"user": 4, "active_character": 5, "is_active": true, "is_anim": false}}]